独立模块,子任务,工时(人天),计划起止时间(精确到课节),最终检查时间(每日检查),查后安排,完成情况,执行人,功能描述/交付物
老人管理,老人绑定功能开发,1天,2025/8/27,2025/8/27,检查代码质量、命名规范、修复Bug、页面100%还原,已完成,,完成老人绑定功能，包括搜索、选择、绑定老人用户
老人管理,老人列表展示优化,1天,2025/8/28,2025/8/28,检查代码质量、命名规范、修复Bug、页面100%还原,已完成,,优化老人列表展示，包括健康状态、基本信息显示
老人管理,老人详情页面开发,1天,2025/8/29,2025/8/29,检查代码质量、命名规范、修复Bug、页面100%还原,已完成,,开发老人详情页面，展示详细健康信息和历史记录
健康分析,健康数据展示功能,1天,2025/8/30,2025/8/30,检查代码质量、命名规范、修复Bug、页面100%还原,已完成,,实现血压、血糖、心率、体温等健康数据展示
健康分析,健康数据编辑功能,1天,2025/8/31,2025/8/31,检查代码质量、命名规范、修复Bug、页面100%还原,已完成,,实现健康数据的在线编辑和实时更新功能
健康分析,AI健康建议功能,1天,2025/9/1,2025/9/1,检查代码质量、命名规范、修复Bug、页面100%还原,已完成,,集成AI健康建议功能，根据健康数据生成个性化建议
AI聊天,基础聊天功能开发,1天,2025/9/2,2025/9/2,检查代码质量、命名规范、修复Bug、页面100%还原,已完成,,实现基础文本聊天功能，支持实时消息收发
AI聊天,语音消息功能,1天,2025/9/3,2025/9/3,检查代码质量、命名规范、修复Bug、页面100%还原,已完成,,实现语音录制、发送和播放功能
AI聊天,图片和位置分享,1天,2025/9/4,2025/9/4,检查代码质量、命名规范、修复Bug、页面100%还原,已完成,,实现图片上传、拍照和位置分享功能
需求发布,服务选择功能,1天,2025/9/5,2025/9/5,检查代码质量、命名规范、修复Bug、页面100%还原,已完成,,实现服务类型选择，包括价格显示和描述
需求发布,预约时间设置,1天,2025/9/6,2025/9/6,检查代码质量、命名规范、修复Bug、页面100%还原,已完成,,实现预约开始和结束时间选择，包括时间验证
订单管理,订单列表展示,1天,2025/8/27,2025/8/27,检查代码质量、命名规范、修复Bug、页面100%还原,已完成,,实现订单列表展示，包括状态筛选和分页
订单管理,订单状态管理,1天,2025/8/28,2025/8/28,检查代码质量、命名规范、修复Bug、页面100%还原,已完成,,实现订单状态更新和流转管理
订单管理,订单详情页面,1天,2025/8/29,2025/8/29,检查代码质量、命名规范、修复Bug、页面100%还原,已完成,,开发订单详情页面，展示完整订单信息
支付功能,支付页面开发,1天,2025/8/30,2025/8/30,检查代码质量、命名规范、修复Bug、页面100%还原,已完成,,开发支付页面，集成支付接口
支付功能,支付状态处理,1天,2025/8/31,2025/8/31,检查代码质量、命名规范、修复Bug、页面100%还原,已完成,,实现支付成功、失败状态处理和页面跳转
消息通知,消息列表功能,1天,2025/9/1,2025/9/1,检查代码质量、命名规范、修复Bug、页面100%还原,已完成,,实现消息列表展示和消息状态管理
消息通知,实时消息推送,1天,2025/9/2,2025/9/2,检查代码质量、命名规范、修复Bug、页面100%还原,已完成,,实现WebSocket实时消息推送功能
用户界面,页面样式优化,1天,2025/9/3,2025/9/3,检查代码质量、命名规范、修复Bug、页面100%还原,已完成,,优化所有页面样式，提升用户体验
用户界面,响应式布局适配,1天,2025/9/4,2025/9/4,检查代码质量、命名规范、修复Bug、页面100%还原,已完成,,实现移动端响应式布局适配
系统集成,API接口联调,1天,2025/9/5,2025/9/5,检查代码质量、命名规范、修复Bug、页面100%还原,已完成,,完成前后端API接口联调和测试
系统集成,功能测试和优化,1天,2025/9/6,2025/9/6,检查代码质量、命名规范、修复Bug、页面100%还原,已完成,,进行全功能测试，修复发现的问题并优化性能
